row_number,rule_id,rule_name,dimension,order_id,customer_id,order_date,amount,status
39,R08,NEGATIVE_AMOUNT,Accuracy,ORD00038,CUST0044,2026-07-07,-491.15,Pending
67,R07,FUTURE_DATE,Validity,ORD00066,CUST0030,2027-01-22,492.55,Shipped
87,R02,NULL_CUSTOMER_ID,Completeness,ORD00086,,2026-02-11,3732.03,Cancelled
97,R06,INVALID_DATE,Validity,ORD00096,CUST0196,2026-13-45,289.75,Cancelled
98,R08,NEGATIVE_AMOUNT,Accuracy,ORD00097,CUST0114,2026-02-21,-90.52,Cancelled
105,R06,INVALID_DATE,Validity,ORD00104,CUST0020,not_a_date,3023.2,Delivered
132,R07,FUTURE_DATE,Validity,ORD00131,CUST0267,2027-01-24,3171.07,Delivered
178,R09,AMOUNT_NOT_NUMERIC,Consistency,ORD00177,CUST0157,2026-06-19,abc,Cancelled
208,R08,NEGATIVE_AMOUNT,Accuracy,ORD00207,CUST0240,2026-06-26,-333.58,Cancelled
210,R02,NULL_CUSTOMER_ID,Completeness,ORD00209,,2026-06-03,295.32,Cancelled
215,R06,INVALID_DATE,Validity,ORD00214,CUST0093,2026-13-45,2235.84,Cancelled
217,R02,NULL_CUSTOMER_ID,Completeness,ORD00216,,2026-06-21,612.54,Shipped
218,R03,NULL_AMOUNT,Completeness,ORD00217,CUST0169,2026-04-16,,Delivered
229,R03,NULL_AMOUNT,Completeness,ORD00228,CUST0237,2026-01-31,,Shipped
235,R07,FUTURE_DATE,Validity,ORD00234,CUST0175,2027-01-23,3959.82,Delivered
243,R02,NULL_CUSTOMER_ID,Completeness,ORD00242,,2026-01-10,718.61,Delivered
249,R07,FUTURE_DATE,Validity,ORD00248,CUST0169,2027-01-01,3404.35,Cancelled
266,R08,NEGATIVE_AMOUNT,Accuracy,ORD00265,CUST0122,2026-04-08,-159.12,Delivered
270,R04,INVALID_ORDER_ID,Validity,12345,CUST0118,2026-06-05,4029.47,Shipped
311,R06,INVALID_DATE,Validity,ORD00310,CUST0246,2026-13-45,2067.92,Pending
322,R08,NEGATIVE_AMOUNT,Accuracy,ORD00321,CUST0035,2026-01-24,-206.98,Pending
323,R01,NULL_ORDER_DATE,Completeness,ORD00322,CUST0222,,3748.49,Delivered
326,R08,NEGATIVE_AMOUNT,Accuracy,ORD00325,CUST0027,2026-03-15,-81.34,Delivered
333,R09,AMOUNT_NOT_NUMERIC,Consistency,ORD00332,CUST0290,2026-06-18,abc,Shipped
344,R02,NULL_CUSTOMER_ID,Completeness,ORD00343,,2026-02-24,3860.01,Delivered
356,R08,NEGATIVE_AMOUNT,Accuracy,ORD00355,CUST0114,2026-03-27,-281.27,Pending
359,R08,NEGATIVE_AMOUNT,Accuracy,ORD00358,CUST0121,2026-01-27,-24.58,Shipped
410,R08,NEGATIVE_AMOUNT,Accuracy,ORD00409,CUST0111,2026-08-02,-343.63,Cancelled
422,R01,NULL_ORDER_DATE,Completeness,ORD00421,CUST0023,,2775.47,Shipped
426,R09,AMOUNT_NOT_NUMERIC,Consistency,ORD00425,CUST0022,2026-03-22,abc,Cancelled
430,R08,NEGATIVE_AMOUNT,Accuracy,ORD00429,CUST0224,2026-08-16,-382.0,Cancelled
451,R10,INVALID_STATUS,Validity,ORD00450,CUST0103,2026-02-01,765.07,???
460,R07,FUTURE_DATE,Validity,ORD00459,CUST0034,2027-02-19,2050.98,Cancelled
466,R07,FUTURE_DATE,Validity,ORD00465,CUST0064,2026-12-20,849.78,Shipped
477,R10,INVALID_STATUS,Validity,ORD00476,CUST0155,2026-05-04,1299.9,???
482,R08,NEGATIVE_AMOUNT,Accuracy,ORD00481,CUST0205,2026-02-03,-333.49,Pending
530,R06,INVALID_DATE,Validity,ORD00529,CUST0123,not_a_date,348.75,Shipped
536,R08,NEGATIVE_AMOUNT,Accuracy,ORD00535,CUST0165,2026-03-15,-472.38,Pending
549,R06,INVALID_DATE,Validity,ORD00548,CUST0045,not_a_date,3379.35,Shipped
580,R09,AMOUNT_NOT_NUMERIC,Consistency,ORD00579,CUST0238,2026-06-22,abc,Cancelled
591,R05,DUPLICATE_ORDER_ID,Uniqueness,ORD00200,CUST0212,2026-03-18,1448.25,Shipped
600,R01,NULL_ORDER_DATE,Completeness,ORD00599,CUST0231,,1918.28,Shipped
602,R04,INVALID_ORDER_ID,Validity,ORDER7,CUST0038,2026-02-18,4042.79,Shipped
623,R08,NEGATIVE_AMOUNT,Accuracy,ORD00622,CUST0119,2026-01-18,-324.32,Pending
632,R05,DUPLICATE_ORDER_ID,Uniqueness,ORD00631,CUST0192,2026-04-14,2349.09,Shipped
693,R07,FUTURE_DATE,Validity,ORD00692,CUST0050,2026-12-18,3637.77,Cancelled
696,R10,INVALID_STATUS,Validity,ORD00695,CUST0085,2026-08-27,4921.11,Unknown
698,R06,INVALID_DATE,Validity,ORD00697,CUST0287,31/02/2026,4796.47,Shipped
706,R10,INVALID_STATUS,Validity,ORD00705,CUST0199,2026-06-06,2023.47,???
729,R06,INVALID_DATE,Validity,ORD00728,CUST0225,not_a_date,4970.39,Shipped
733,R08,NEGATIVE_AMOUNT,Accuracy,ORD00732,CUST0273,2026-03-13,-405.06,Shipped
736,R08,NEGATIVE_AMOUNT,Accuracy,ORD00735,CUST0070,2026-07-12,-164.25,Pending
739,R04,INVALID_ORDER_ID,Validity,12345,CUST0202,2026-05-06,796.64,Delivered
742,R01,NULL_ORDER_DATE,Completeness,ORD00741,CUST0233,,1703.72,Pending
801,R04,INVALID_ORDER_ID,Validity,ORD-XYZ,CUST0115,2026-03-24,1316.49,Delivered
853,R08,NEGATIVE_AMOUNT,Accuracy,ORD00852,CUST0030,2026-07-27,-319.49,Delivered
855,R04,INVALID_ORDER_ID,Validity,12345,CUST0127,2026-06-18,1281.65,Pending
883,R07,FUTURE_DATE,Validity,ORD00882,CUST0280,2026-12-30,597.0,Cancelled
895,R05,DUPLICATE_ORDER_ID,Uniqueness,ORD00689,CUST0079,2026-01-14,1868.06,Cancelled
898,R06,INVALID_DATE,Validity,ORD00897,CUST0150,2026-13-45,2420.5,Pending
899,R10,INVALID_STATUS,Validity,ORD00898,CUST0158,2026-07-20,2047.59,Unknown
906,R01,NULL_ORDER_DATE,Completeness,ORD00905,CUST0117,,398.82,Cancelled
920,R05,DUPLICATE_ORDER_ID,Uniqueness,ORD00757,CUST0055,2026-05-25,3919.77,Delivered
938,R06,INVALID_DATE,Validity,ORD00937,CUST0259,not_a_date,3213.51,Pending
961,R04,INVALID_ORDER_ID,Validity,ORDER7,CUST0176,2026-07-05,3595.51,Cancelled
963,R10,INVALID_STATUS,Validity,ORD00962,CUST0286,2026-02-16,1539.54,???
969,R04,INVALID_ORDER_ID,Validity,12345,CUST0299,2026-05-29,4727.07,Pending
990,R09,AMOUNT_NOT_NUMERIC,Consistency,ORD00989,CUST0085,2026-08-21,abc,Cancelled
998,R07,FUTURE_DATE,Validity,ORD00997,CUST0079,2027-01-16,3506.44,Pending
1009,R08,NEGATIVE_AMOUNT,Accuracy,ORD01008,CUST0052,2026-08-20,-264.69,Shipped
1013,R08,NEGATIVE_AMOUNT,Accuracy,ORD01012,CUST0219,2026-07-09,-452.23,Pending
1015,R05,DUPLICATE_ORDER_ID,Uniqueness,ORD00060,CUST0169,2026-04-02,4483.19,Delivered
1033,R07,FUTURE_DATE,Validity,ORD01032,CUST0165,2027-01-28,1721.38,Delivered
1040,R02,NULL_CUSTOMER_ID,Completeness,ORD01039,,2026-08-16,2590.85,Shipped
1041,R10,INVALID_STATUS,Validity,ORD01040,CUST0234,2026-03-29,1880.38,???
1057,R06,INVALID_DATE,Validity,ORD01056,CUST0259,not_a_date,1984.85,Shipped
1132,R05,DUPLICATE_ORDER_ID,Uniqueness,ORD01131,CUST0127,2026-07-21,1185.48,Cancelled
1142,R08,NEGATIVE_AMOUNT,Accuracy,ORD01141,CUST0069,2026-04-29,-40.12,Pending
1152,R07,FUTURE_DATE,Validity,ORD01151,CUST0193,2027-02-24,1954.74,Pending
1153,R02,NULL_CUSTOMER_ID,Completeness,ORD01152,,2026-03-06,1944.01,Shipped
1205,R10,INVALID_STATUS,Validity,ORD01204,CUST0103,2026-05-13,175.3,Returnd
1219,R05,DUPLICATE_ORDER_ID,Uniqueness,ORD01218,CUST0128,2026-03-15,555.75,Delivered
1235,R10,INVALID_STATUS,Validity,ORD01234,CUST0195,2026-05-29,593.66,Returnd
1239,R06,INVALID_DATE,Validity,ORD01238,CUST0215,2026-13-45,3785.76,Delivered
1242,R08,NEGATIVE_AMOUNT,Accuracy,ORD01241,CUST0139,2026-07-25,-154.9,Cancelled
1250,R03,NULL_AMOUNT,Completeness,ORD01249,CUST0185,2026-05-24,,Delivered
1252,R03,NULL_AMOUNT,Completeness,ORD01251,CUST0102,2026-05-28,,Shipped
1266,R07,FUTURE_DATE,Validity,ORD01265,CUST0135,2027-02-06,860.84,Cancelled
1275,R09,AMOUNT_NOT_NUMERIC,Consistency,ORD01274,CUST0227,2026-03-20,abc,Delivered
1277,R05,DUPLICATE_ORDER_ID,Uniqueness,ORD00050,CUST0177,2026-03-15,2399.07,Pending
1292,R02,NULL_CUSTOMER_ID,Completeness,ORD01291,,2026-02-25,1775.37,Delivered
1311,R05,DUPLICATE_ORDER_ID,Uniqueness,ORD01310,CUST0031,2026-01-16,1842.04,Shipped
1329,R05,DUPLICATE_ORDER_ID,Uniqueness,ORD00574,CUST0017,2026-02-21,624.57,Shipped
1338,R04,INVALID_ORDER_ID,Validity,ORDER7,CUST0040,2026-02-25,4806.88,Pending
1347,R04,INVALID_ORDER_ID,Validity,12345,CUST0191,2026-04-16,3844.5,Cancelled
1368,R09,AMOUNT_NOT_NUMERIC,Consistency,ORD01367,CUST0258,2026-06-28,abc,Pending
1373,R06,INVALID_DATE,Validity,ORD01372,CUST0135,2026-13-45,2052.78,Cancelled
1380,R04,INVALID_ORDER_ID,Validity,ORD-XYZ,CUST0179,2026-02-18,1671.62,Pending
1388,R08,NEGATIVE_AMOUNT,Accuracy,ORD01387,CUST0280,2026-05-14,-14.87,Cancelled
1404,R10,INVALID_STATUS,Validity,ORD01403,CUST0285,2026-03-13,1205.36,???
1408,R05,DUPLICATE_ORDER_ID,Uniqueness,ORD01407,CUST0160,2026-08-21,3066.31,Cancelled
1415,R06,INVALID_DATE,Validity,ORD01414,CUST0095,2026-13-45,4213.66,Shipped
1416,R09,AMOUNT_NOT_NUMERIC,Consistency,ORD01415,CUST0016,2026-07-15,abc,Cancelled
1430,R05,DUPLICATE_ORDER_ID,Uniqueness,ORD01154,CUST0195,2026-07-04,1633.2,Pending
1448,R06,INVALID_DATE,Validity,ORD01447,CUST0215,not_a_date,1616.64,Cancelled
1452,R01,NULL_ORDER_DATE,Completeness,ORD01451,CUST0279,,128.18,Cancelled
1458,R04,INVALID_ORDER_ID,Validity,ORDER7,CUST0170,2026-08-24,529.74,Pending
1466,R10,INVALID_STATUS,Validity,ORD01465,CUST0108,2026-06-06,385.1,???
1482,R04,INVALID_ORDER_ID,Validity,ORDER7,CUST0070,2026-05-04,861.39,Cancelled
1489,R05,DUPLICATE_ORDER_ID,Uniqueness,ORD00477,CUST0158,2026-06-30,4303.32,Pending
1493,R01,NULL_ORDER_DATE,Completeness,ORD01492,CUST0192,,283.24,Shipped
1506,R04,INVALID_ORDER_ID,Validity,ORDER7,CUST0008,2026-06-09,2842.17,Pending
1536,R09,AMOUNT_NOT_NUMERIC,Consistency,ORD01535,CUST0047,2026-02-25,abc,Pending
1549,R03,NULL_AMOUNT,Completeness,ORD01548,CUST0244,2026-02-05,,Cancelled
1562,R01,NULL_ORDER_DATE,Completeness,ORD01561,CUST0239,,483.35,Pending
1577,R06,INVALID_DATE,Validity,ORD01576,CUST0093,2026-13-45,2684.21,Pending
1579,R06,INVALID_DATE,Validity,ORD01578,CUST0254,31/02/2026,4968.57,Cancelled
1602,R03,NULL_AMOUNT,Completeness,ORD01601,CUST0057,2026-06-28,,Delivered
1603,R03,NULL_AMOUNT,Completeness,ORD01602,CUST0240,2026-06-19,,Cancelled
1609,R06,INVALID_DATE,Validity,ORD01608,CUST0202,not_a_date,3262.87,Pending
1627,R08,NEGATIVE_AMOUNT,Accuracy,ORD01626,CUST0123,2026-05-06,-359.55,Delivered
1632,R04,INVALID_ORDER_ID,Validity,ORD-XYZ,CUST0037,2026-01-10,3703.75,Cancelled
1638,R06,INVALID_DATE,Validity,ORD01637,CUST0033,31/02/2026,1092.94,Delivered
1639,R04,INVALID_ORDER_ID,Validity,12345,CUST0206,2026-03-25,691.93,Shipped
1654,R07,FUTURE_DATE,Validity,ORD01653,CUST0099,2027-01-22,4934.36,Pending
1681,R05,DUPLICATE_ORDER_ID,Uniqueness,ORD01680,CUST0077,2026-08-22,2911.13,Pending
1688,R02,NULL_CUSTOMER_ID,Completeness,ORD01687,,2026-06-21,1593.7,Cancelled
1697,R08,NEGATIVE_AMOUNT,Accuracy,ORD01696,CUST0057,2026-04-09,-187.27,Pending
1708,R04,INVALID_ORDER_ID,Validity,12345,CUST0097,2026-08-17,4431.5,Pending
1725,R03,NULL_AMOUNT,Completeness,ORD01724,CUST0295,2026-02-02,,Delivered
1727,R10,INVALID_STATUS,Validity,ORD01726,CUST0163,2026-03-30,824.93,Returnd
1731,R09,AMOUNT_NOT_NUMERIC,Consistency,ORD01730,CUST0280,2026-05-10,abc,Delivered
1749,R10,INVALID_STATUS,Validity,ORD01748,CUST0269,2026-03-27,423.97,Unknown
1759,R03,NULL_AMOUNT,Completeness,ORD01758,CUST0015,2026-01-31,,Cancelled
1762,R07,FUTURE_DATE,Validity,ORD01761,CUST0062,2027-02-26,2611.38,Pending
1771,R05,DUPLICATE_ORDER_ID,Uniqueness,ORD01770,CUST0139,2026-06-25,3520.04,Delivered
1785,R01,NULL_ORDER_DATE,Completeness,ORD01784,CUST0040,,3895.99,Cancelled
1791,R06,INVALID_DATE,Validity,ORD01790,CUST0075,not_a_date,3756.37,Delivered
1799,R06,INVALID_DATE,Validity,ORD01798,CUST0218,not_a_date,2619.83,Cancelled
1806,R08,NEGATIVE_AMOUNT,Accuracy,ORD01805,CUST0220,2026-02-18,-51.54,Cancelled
1810,R04,INVALID_ORDER_ID,Validity,ORDER7,CUST0087,2026-01-17,1882.18,Shipped
1822,R05,DUPLICATE_ORDER_ID,Uniqueness,ORD01192,CUST0267,2026-07-16,2511.72,Cancelled
1830,R05,DUPLICATE_ORDER_ID,Uniqueness,ORD00537,CUST0200,2026-05-05,3843.65,Cancelled
1833,R07,FUTURE_DATE,Validity,ORD01832,CUST0201,2027-02-05,2523.99,Cancelled
1837,R06,INVALID_DATE,Validity,ORD01836,CUST0175,not_a_date,577.02,Delivered
1853,R05,DUPLICATE_ORDER_ID,Uniqueness,ORD01852,CUST0219,2026-02-23,1801.85,Pending
1863,R10,INVALID_STATUS,Validity,ORD01862,CUST0033,2026-06-12,1097.43,Returnd
1867,R01,NULL_ORDER_DATE,Completeness,ORD01866,CUST0126,,4153.42,Cancelled
1889,R10,INVALID_STATUS,Validity,ORD01888,CUST0130,2026-05-22,1984.98,Unknown
1899,R06,INVALID_DATE,Validity,ORD01898,CUST0181,31/02/2026,3050.37,Delivered
1924,R05,DUPLICATE_ORDER_ID,Uniqueness,ORD00357,CUST0204,2026-06-25,1139.87,Cancelled
1929,R04,INVALID_ORDER_ID,Validity,ORDER7,CUST0155,2026-04-12,3389.18,Shipped
1933,R08,NEGATIVE_AMOUNT,Accuracy,ORD01932,CUST0073,2026-03-08,-38.33,Pending
1939,R06,INVALID_DATE,Validity,ORD01938,CUST0028,2026-13-45,828.24,Shipped
1942,R02,NULL_CUSTOMER_ID,Completeness,ORD01941,,2026-04-24,1846.95,Cancelled
1967,R04,INVALID_ORDER_ID,Validity,ORDER7,CUST0096,2026-04-22,3190.36,Pending
1973,R06,INVALID_DATE,Validity,ORD01972,CUST0128,31/02/2026,2195.89,Pending
1983,R05,DUPLICATE_ORDER_ID,Uniqueness,ORD01982,CUST0109,2026-02-17,483.28,Delivered
1990,R04,INVALID_ORDER_ID,Validity,ORDER7,CUST0097,2026-08-08,231.39,Cancelled
1998,R03,NULL_AMOUNT,Completeness,ORD01997,CUST0213,2026-08-06,,Delivered
