row_number,defect_type
1562,NULL_ORDER_DATE
906,NULL_ORDER_DATE
1452,NULL_ORDER_DATE
600,NULL_ORDER_DATE
1493,NULL_ORDER_DATE
323,NULL_ORDER_DATE
742,NULL_ORDER_DATE
1867,NULL_ORDER_DATE
422,NULL_ORDER_DATE
1785,NULL_ORDER_DATE
243,NULL_CUSTOMER_ID
1292,NULL_CUSTOMER_ID
344,NULL_CUSTOMER_ID
217,NULL_CUSTOMER_ID
1040,NULL_CUSTOMER_ID
87,NULL_CUSTOMER_ID
1153,NULL_CUSTOMER_ID
1688,NULL_CUSTOMER_ID
210,NULL_CUSTOMER_ID
1942,NULL_CUSTOMER_ID
1759,NULL_AMOUNT
1603,NULL_AMOUNT
1250,NULL_AMOUNT
1252,NULL_AMOUNT
1602,NULL_AMOUNT
218,NULL_AMOUNT
1998,NULL_AMOUNT
229,NULL_AMOUNT
1549,NULL_AMOUNT
1725,NULL_AMOUNT
1973,INVALID_DATE
938,INVALID_DATE
1638,INVALID_DATE
898,INVALID_DATE
1939,INVALID_DATE
1899,INVALID_DATE
105,INVALID_DATE
1448,INVALID_DATE
215,INVALID_DATE
1373,INVALID_DATE
1239,INVALID_DATE
1057,INVALID_DATE
1791,INVALID_DATE
1415,INVALID_DATE
311,INVALID_DATE
1837,INVALID_DATE
549,INVALID_DATE
1799,INVALID_DATE
1579,INVALID_DATE
97,INVALID_DATE
1577,INVALID_DATE
729,INVALID_DATE
1609,INVALID_DATE
698,INVALID_DATE
530,INVALID_DATE
998,FUTURE_DATE
460,FUTURE_DATE
1152,FUTURE_DATE
249,FUTURE_DATE
466,FUTURE_DATE
1266,FUTURE_DATE
235,FUTURE_DATE
883,FUTURE_DATE
693,FUTURE_DATE
132,FUTURE_DATE
1654,FUTURE_DATE
67,FUTURE_DATE
1033,FUTURE_DATE
1833,FUTURE_DATE
1762,FUTURE_DATE
1697,NEGATIVE_AMOUNT
359,NEGATIVE_AMOUNT
326,NEGATIVE_AMOUNT
1388,NEGATIVE_AMOUNT
733,NEGATIVE_AMOUNT
536,NEGATIVE_AMOUNT
1806,NEGATIVE_AMOUNT
736,NEGATIVE_AMOUNT
39,NEGATIVE_AMOUNT
98,NEGATIVE_AMOUNT
1142,NEGATIVE_AMOUNT
430,NEGATIVE_AMOUNT
482,NEGATIVE_AMOUNT
623,NEGATIVE_AMOUNT
1013,NEGATIVE_AMOUNT
1933,NEGATIVE_AMOUNT
853,NEGATIVE_AMOUNT
1627,NEGATIVE_AMOUNT
208,NEGATIVE_AMOUNT
1009,NEGATIVE_AMOUNT
1242,NEGATIVE_AMOUNT
322,NEGATIVE_AMOUNT
410,NEGATIVE_AMOUNT
356,NEGATIVE_AMOUNT
266,NEGATIVE_AMOUNT
990,AMOUNT_NOT_NUMERIC
1368,AMOUNT_NOT_NUMERIC
178,AMOUNT_NOT_NUMERIC
1536,AMOUNT_NOT_NUMERIC
1416,AMOUNT_NOT_NUMERIC
580,AMOUNT_NOT_NUMERIC
426,AMOUNT_NOT_NUMERIC
1275,AMOUNT_NOT_NUMERIC
333,AMOUNT_NOT_NUMERIC
1731,AMOUNT_NOT_NUMERIC
1990,INVALID_ORDER_ID
1639,INVALID_ORDER_ID
969,INVALID_ORDER_ID
1632,INVALID_ORDER_ID
739,INVALID_ORDER_ID
1506,INVALID_ORDER_ID
1338,INVALID_ORDER_ID
1380,INVALID_ORDER_ID
1929,INVALID_ORDER_ID
1708,INVALID_ORDER_ID
855,INVALID_ORDER_ID
1967,INVALID_ORDER_ID
801,INVALID_ORDER_ID
1458,INVALID_ORDER_ID
1482,INVALID_ORDER_ID
602,INVALID_ORDER_ID
1810,INVALID_ORDER_ID
270,INVALID_ORDER_ID
961,INVALID_ORDER_ID
1347,INVALID_ORDER_ID
1466,INVALID_STATUS
1727,INVALID_STATUS
1749,INVALID_STATUS
1235,INVALID_STATUS
1889,INVALID_STATUS
696,INVALID_STATUS
1404,INVALID_STATUS
1863,INVALID_STATUS
1205,INVALID_STATUS
451,INVALID_STATUS
1041,INVALID_STATUS
477,INVALID_STATUS
899,INVALID_STATUS
706,INVALID_STATUS
963,INVALID_STATUS
395,DUPLICATE_ORDER_ID
1489,DUPLICATE_ORDER_ID
591,DUPLICATE_ORDER_ID
332,DUPLICATE_ORDER_ID
44,DUPLICATE_ORDER_ID
895,DUPLICATE_ORDER_ID
1430,DUPLICATE_ORDER_ID
920,DUPLICATE_ORDER_ID
712,DUPLICATE_ORDER_ID
1325,DUPLICATE_ORDER_ID
1924,DUPLICATE_ORDER_ID
1277,DUPLICATE_ORDER_ID
1015,DUPLICATE_ORDER_ID
241,DUPLICATE_ORDER_ID
971,DUPLICATE_ORDER_ID
1822,DUPLICATE_ORDER_ID
856,DUPLICATE_ORDER_ID
1329,DUPLICATE_ORDER_ID
1830,DUPLICATE_ORDER_ID
550,DUPLICATE_ORDER_ID
